email,first_mau_ts,first_login_ts
aayush.bheel2@ei.aeskills.in,1790916034072,1790916009785
abhinav.manthati@ei.aeskills.in,1790906490938,1790906434000
ajay.luhar1@ei.aeskills.in,1790925015420,1790925007399
akanksha.dhaakad@ei.aeskills.in,1790921123768,1790921039828
anisha.kumari64@ei.aeskills.in,1790923898168,1790923898000
archna.kavar@ei.aeskills.in,1790941797174,1790941744000
arjun.mehar3@ei.aeskills.in,1790951333024,1790951289154
arseeta.meghwal@ei.aeskills.in,1790918720006,1790918607858
arun.meher@ei.aeskills.in,1790952108476,1790952062989
ayush.vishnu@ei.aeskills.in,1790950585980,1790950480888
bulbul.k16@ei.aeskills.in,1790950790281,1790950707632
chothmal.bheel@ei.aeskills.in,1790922024529,1790922008938
deepika.k178@ei.aeskills.in,1790922274079,1790922149213
devraj.kumar36@ei.aeskills.in,,1790955687000
divya.k239@ei.aeskills.in,1790949958940,1790949921447
divya.kumari272@ei.aeskills.in,1790913542542,1790913510904
divya.tej1@ei.aeskills.in,,1790905202000
divyanshi.dhaakad@ei.aeskills.in,1790951169329,1790951122739
durgesh.k28@ei.aeskills.in,1790923894180,1790923822388
gaikwad.archi@ei.aeskills.in,,1790920361905
gunjan.k135@ei.aeskills.in,1790919339035,1790919336732
jay.k5@ei.aeskills.in,1790948748113,1790948692386
k.srija@ei.aeskills.in,,1790919065345
kanika.k45@ei.aeskills.in,1790950966478,1790950931881
kartik199@ei.aeskills.in,,1790955308000
khushi238@ei.aeskills.in,,1790957227457
komal.k336@ei.aeskills.in,1790921978646,1790921805327
lakshya.dhaakad@ei.aeskills.in,1790949225877,1790949174073
madhavi.uppalapally@ei.aeskills.in,,1790919748717
mahi.k42@ei.aeskills.in,1790922919566,1790922904513
manisha.k247@ei.aeskills.in,1790951838753,1790951788747
mohit.k191@ei.aeskills.in,1790920582915,1790920580864
mood.lovkya@ei.aeskills.in,,1790922804330
nani.sandhe@ei.aeskills.in,,1790938208000
nikita.k33@ei.aeskills.in,1790914334013,1790914314519
nithesh.kethavath@ei.aeskills.in,,1790934609000
parveen.k14@ei.aeskills.in,1790951508406,1790951468596
pawan.kumar387@ei.aeskills.in,1790950310973,1790950264239
payal.k290@ei.aeskills.in,1790918892851,1790918884644
piru.k@ei.aeskills.in,1790915469555,1790915453367
praveenkumar.k5@ei.aeskills.in,1790942500434,1790942442000
priyanka.bheel7@ei.aeskills.in,1790941963532,1790941920244
radha.kumari160@ei.aeskills.in,1790917437745,1790917424500
radhika.g1@ei.aeskills.in,,1790952010645
radhika.gujjar@ei.aeskills.in,,1790918403097
radhika.k104@ei.aeskills.in,1790914686020,1790914686994
ravi.k87@ei.aeskills.in,1790949453223,1790949404071
reena.k25@ei.aeskills.in,1790942320102,1790942072000
ridhima.k1@ei.aeskills.in,1790920849316,1790920519118
ritika.k130@ei.aeskills.in,1790922675532,1790922515043
rukhmanth.h@ei.aeskills.in,,1790918041000
sandeep.eeka@ei.aeskills.in,,1790922447218
sarthak.carpenter@ei.aeskills.in,1790951657475,1790951612492
sashivith.p@ei.aeskills.in,,1790902558000
shivam.dhaakad@ei.aeskills.in,1790919760596,1790919756381
sravanraj.thodasam@ei.aeskills.in,,1790918361000
suman.k60@ei.aeskills.in,1790923589565,1790923577344
suraj.k59@ei.aeskills.in,1790925439840,1790925429878
thaslima.mahmmad@ei.aeskills.in,,1790918474598
udaykiran.uyika@ei.aeskills.in,1790937341869,1790937333478
umesh.k27@ei.aeskills.in,1790949690971,1790949633162
urmila.k50@ei.aeskills.in,1790923478476,1790923423173
vanraj.k@ei.aeskills.in,1790940599720,1790940500000
vidhya.kavar@ei.aeskills.in,1790941660271,1790941542000
vijendar.k@ei.aeskills.in,1790941397648,1790941338000
vishal.k201@ei.aeskills.in,1790948972324,1790948925850
